<?xml version="1.0" encoding="UTF-8" standalone="yes"?>
<addon id="plugin.video.sciflix" name="SciFlix" version="0.5" provider-name="Jani (@rasjani) Mikkonen">
  <requires>
    <import addon="xbmc.python" version="2.14.0"/>
    <import addon="script.module.xbmcswift2" version="1.3.1"/>
    <import addon="script.module.beautifulsoup" version="3.0.8"/>
    <import addon="plugin.video.youtube" version="5.1.1"/>
  </requires>
  <extension point="xbmc.python.pluginsource" library="addon.py">
    <provides>video</provides>
  </extension>
  <extension point="xbmc.addon.metadata">
    <platform>all</platform>
    <language></language>
    <summary lang="fi">SciFlix dot blogspot dot com</summary>
    <summary lang="en">SciFlix dot blogspot dot com</summary>
    <description lang="fi">Parhaat ja ilmaiset scifi ja fantasia lyhytelokuvat internetistä</description>
    <description lang="en">Your Source For Best Free Scifi and Fantasy Flicks on Internet</description>
    <platform>all</platform>
    <language>en fi</language>
    <website>http://sciflix.blogspot.com</website>
    <source>https://github.com/rasjani/xbmc-sciflix.git</source>
    <license>GNU GENERAL PUBLIC LICENSE. Version 3, 29 June 2007</license>
  </extension>
</addon>
